epoch,train_loss,val_loss,lr
0,1.057928,0.631265,9.99e-04
1,0.561394,0.523804,9.96e-04
2,0.487535,0.493199,9.91e-04
3,0.449496,0.454836,9.84e-04
4,0.427344,0.452463,9.76e-04
5,0.412765,0.439670,9.65e-04
6,0.398590,0.422362,9.52e-04
7,0.382717,0.419635,9.38e-04
8,0.369790,0.442110,9.22e-04
9,0.361426,0.394121,9.05e-04
10,0.341926,0.396171,8.85e-04
11,0.325900,0.407313,8.64e-04
12,0.311286,0.418470,8.42e-04
13,0.294306,0.404342,8.19e-04
14,0.281350,0.435674,7.94e-04
15,0.262600,0.410805,7.68e-04