epoch,train_loss,val_loss,lr
0, 0.9036436847845714, 0.33527747058868407, 9.99e-04
1, 0.27591394491990406, 0.22117032289505004, 9.96e-04
2, 0.19817180639505386, 0.18195146236817042, 9.91e-04
3, 0.15063256082932155, 0.24673074042797088, 9.84e-04
4, 0.11270945962270101, 0.2220322312116623, 9.76e-04
5, 0.09357350318630536, 0.2238181161880493, 9.65e-04