epoch,train_loss,val_loss,lr
0, 1.2255059243976205, 0.6845158927682518, 9.99e-04
1, 0.5318115661973538, 0.41707501843355704, 9.96e-04
2, 0.3676260433335235, 0.2990254371062569, 9.91e-04
3, 0.26133609029693877, 0.23694201509157817, 9.84e-04
4, 0.1885351936886276, 0.22300621573475823, 9.76e-04
5, 0.1450878301392431, 0.20651407319566478, 9.65e-04
6, 0.114032166591589, 0.2750472091246342, 9.52e-04
7, 0.09695518493004467, 0.2736153246267982, 9.38e-04
8, 0.09164302053226941, 0.26060337873472683, 9.22e-04