epoch,train_loss,val_loss,lr
0, 1.0344446378841734, 0.3498103327918471, 9.99e-04
1, 0.30747313326910924, 0.2365051313450462, 9.96e-04
2, 0.2416549044742919, 0.2136126456553476, 9.91e-04
3, 0.1976043037678066, 0.18809154561737126, 9.84e-04
4, 0.15214398001369678, 0.20252756695998342, 9.76e-04
5, 0.1211233042572674, 0.201954991671077, 9.65e-04
6, 0.09784850994484466, 0.21196400774152654, 9.52e-04