epoch,train_loss,val_loss,lr
0, 1.4060561551366533, 0.6119497568266732, 9.99e-04
1, 0.4474968633765266, 0.3320278046244667, 9.96e-04
2, 0.29595572312672935, 0.24212585074560983, 9.91e-04
3, 0.220392644575664, 0.20797474483648937, 9.84e-04
4, 0.2699243652252924, 0.3750590211436862, 9.76e-04
5, 0.1502018131528582, 0.3333684197493962, 9.65e-04
6, 0.13502510510739826, 0.34448791356313796, 9.52e-04